Image_path,Real,Pred
/Users/sjhuang/Documents/docs/dataset/crawlers/zxgk.court.gov.cn/zxgk.court.gov.cn_82_1636446131.0864902.png,zxgk,i38i
/Users/sjhuang/Documents/docs/dataset/crawlers/zxgk.court.gov.cn/zxgk.court.gov.cn_138_1636446143.3669388.png,zxgk,crv6
/Users/sjhuang/Documents/docs/dataset/crawlers/zxgk.court.gov.cn/zxgk.court.gov.cn_143_1636446144.367722.png,zxgk,wkks
/Users/sjhuang/Documents/docs/dataset/crawlers/zxgk.court.gov.cn/zxgk.court.gov.cn_169_1636446152.893847.png,zxgk,jted
/Users/sjhuang/Documents/docs/dataset/crawlers/zxgk.court.gov.cn/zxgk.court.gov.cn_120_1636446139.344505.png,zxgk,84ec
/Users/sjhuang/Documents/docs/dataset/crawlers/zxgk.court.gov.cn/zxgk.court.gov.cn_160_1636446151.053049.png,zxgk,brkh
/Users/sjhuang/Documents/docs/dataset/crawlers/zxgk.court.gov.cn/zxgk.court.gov.cn_176_1636446154.3526.png,zxgk,lbgx
/Users/sjhuang/Documents/docs/dataset/crawlers/zxgk.court.gov.cn/zxgk.court.gov.cn_182_1636446155.659151.png,zxgk,pr44
/Users/sjhuang/Documents/docs/dataset/crawlers/zxgk.court.gov.cn/zxgk.court.gov.cn_27_1636446117.295458.png,zxgk,2ya8
/Users/sjhuang/Documents/docs/dataset/crawlers/zxgk.court.gov.cn/zxgk.court.gov.cn_124_1636446140.152521.png,zxgk,jg3l
/Users/sjhuang/Documents/docs/dataset/crawlers/zxgk.court.gov.cn/zxgk.court.gov.cn_12_1636446114.72258.png,zxgk,n25g
/Users/sjhuang/Documents/docs/dataset/crawlers/zxgk.court.gov.cn/zxgk.court.gov.cn_195_1636446158.3801112.png,zxgk,p6c2
/Users/sjhuang/Documents/docs/dataset/crawlers/zxgk.court.gov.cn/zxgk.court.gov.cn_8_1636446114.010006.png,zxgk,ghp2
/Users/sjhuang/Documents/docs/dataset/crawlers/zxgk.court.gov.cn/zxgk.court.gov.cn_123_1636446139.9408672.png,zxgk,2u8i
/Users/sjhuang/Documents/docs/dataset/crawlers/zxgk.court.gov.cn/zxgk.court.gov.cn_170_1636446153.081491.png,zxgk,d7kp
/Users/sjhuang/Documents/docs/dataset/crawlers/zxgk.court.gov.cn/zxgk.court.gov.cn_148_1636446145.3868.png,zxgk,fbug
/Users/sjhuang/Documents/docs/dataset/crawlers/zxgk.court.gov.cn/zxgk.court.gov.cn_25_1636446116.941488.png,zxgk,qq3
/Users/sjhuang/Documents/docs/dataset/crawlers/zxgk.court.gov.cn/zxgk.court.gov.cn_30_1636446117.7711732.png,zxgk,wbch
/Users/sjhuang/Documents/docs/dataset/crawlers/zxgk.court.gov.cn/zxgk.court.gov.cn_127_1636446140.7556312.png,zxgk,drbu
/Users/sjhuang/Documents/docs/dataset/crawlers/zxgk.court.gov.cn/zxgk.court.gov.cn_188_1636446156.956934.png,zxgk,mkcg
/Users/sjhuang/Documents/docs/dataset/crawlers/zxgk.court.gov.cn/zxgk.court.gov.cn_32_1636446118.1029031.png,zxgk,wtfs
/Users/sjhuang/Documents/docs/dataset/crawlers/zxgk.court.gov.cn/zxgk.court.gov.cn_92_1636446133.198532.png,zxgk,abft
/Users/sjhuang/Documents/docs/dataset/crawlers/zxgk.court.gov.cn/zxgk.court.gov.cn_2_1636446112.998825.png,zxgk,hchm
/Users/sjhuang/Documents/docs/dataset/crawlers/zxgk.court.gov.cn/zxgk.court.gov.cn_16_1636446115.4262989.png,zxgk,ca27
/Users/sjhuang/Documents/docs/dataset/crawlers/zxgk.court.gov.cn/zxgk.court.gov.cn_154_1636446149.755533.png,zxgk,acep
/Users/sjhuang/Documents/docs/dataset/crawlers/zxgk.court.gov.cn/zxgk.court.gov.cn_6_1636446113.669577.png,zxgk,gbrx
/Users/sjhuang/Documents/docs/dataset/crawlers/zxgk.court.gov.cn/zxgk.court.gov.cn_18_1636446115.76075.png,zxgk,behx
/Users/sjhuang/Documents/docs/dataset/crawlers/zxgk.court.gov.cn/zxgk.court.gov.cn_90_1636446132.763629.png,zxgk,ghzz
/Users/sjhuang/Documents/docs/dataset/crawlers/zxgk.court.gov.cn/zxgk.court.gov.cn_77_1636446129.582944.png,zxgk,itvs
/Users/sjhuang/Documents/docs/dataset/crawlers/zxgk.court.gov.cn/zxgk.court.gov.cn_98_1636446134.5165179.png,zxgk,x26q
/Users/sjhuang/Documents/docs/dataset/crawlers/zxgk.court.gov.cn/zxgk.court.gov.cn_155_1636446149.975452.png,zxgk,kfx7
/Users/sjhuang/Documents/docs/dataset/crawlers/zxgk.court.gov.cn/zxgk.court.gov.cn_111_1636446137.3942158.png,zxgk,ef8r
/Users/sjhuang/Documents/docs/dataset/crawlers/zxgk.court.gov.cn/zxgk.court.gov.cn_52_1636446121.561287.png,zxgk,k5kf
/Users/sjhuang/Documents/docs/dataset/crawlers/zxgk.court.gov.cn/zxgk.court.gov.cn_59_1636446122.763517.png,zxgk,cfbb
/Users/sjhuang/Documents/docs/dataset/crawlers/zxgk.court.gov.cn/zxgk.court.gov.cn_117_1636446138.7076979.png,zxgk,dslz
/Users/sjhuang/Documents/docs/dataset/crawlers/zxgk.court.gov.cn/zxgk.court.gov.cn_104_1636446135.758789.png,zxgk,hnym
/Users/sjhuang/Documents/docs/dataset/crawlers/zxgk.court.gov.cn/zxgk.court.gov.cn_133_1636446142.23878.png,zxgk,ip6p
/Users/sjhuang/Documents/docs/dataset/crawlers/zxgk.court.gov.cn/zxgk.court.gov.cn_65_1636446126.99367.png,zxgk,xmp
/Users/sjhuang/Documents/docs/dataset/crawlers/zxgk.court.gov.cn/zxgk.court.gov.cn_128_1636446140.981599.png,zxgk,3es2
/Users/sjhuang/Documents/docs/dataset/crawlers/zxgk.court.gov.cn/zxgk.court.gov.cn_42_1636446119.847619.png,zxgk,uvhh
/Users/sjhuang/Documents/docs/dataset/crawlers/zxgk.court.gov.cn/zxgk.court.gov.cn_96_1636446134.071184.png,zxgk,wbut
/Users/sjhuang/Documents/docs/dataset/crawlers/zxgk.court.gov.cn/zxgk.court.gov.cn_61_1636446126.193002.png,zxgk,bc6c
/Users/sjhuang/Documents/docs/dataset/crawlers/zxgk.court.gov.cn/zxgk.court.gov.cn_161_1636446151.24087.png,zxgk,ku4r
/Users/sjhuang/Documents/docs/dataset/crawlers/zxgk.court.gov.cn/zxgk.court.gov.cn_135_1636446142.637217.png,zxgk,mfei
/Users/sjhuang/Documents/docs/dataset/crawlers/zxgk.court.gov.cn/zxgk.court.gov.cn_35_1636446118.657266.png,zxgk,bxep
/Users/sjhuang/Documents/docs/dataset/crawlers/zxgk.court.gov.cn/zxgk.court.gov.cn_7_1636446113.8603609.png,zxgk,xvwa
/Users/sjhuang/Documents/docs/dataset/crawlers/zxgk.court.gov.cn/zxgk.court.gov.cn_106_1636446136.1613598.png,zxgk,q5a7
/Users/sjhuang/Documents/docs/dataset/crawlers/zxgk.court.gov.cn/zxgk.court.gov.cn_119_1636446139.104087.png,zxgk,qkfn
/Users/sjhuang/Documents/docs/dataset/crawlers/zxgk.court.gov.cn/zxgk.court.gov.cn_191_1636446157.5676532.png,zxgk,exka
/Users/sjhuang/Documents/docs/dataset/crawlers/zxgk.court.gov.cn/zxgk.court.gov.cn_158_1636446150.605364.png,zxgk,zord
/Users/sjhuang/Documents/docs/dataset/crawlers/zxgk.court.gov.cn/zxgk.court.gov.cn_168_1636446152.693413.png,zxgk,r6eb
/Users/sjhuang/Documents/docs/dataset/crawlers/zxgk.court.gov.cn/zxgk.court.gov.cn_118_1636446138.911959.png,zxgk,eh86
/Users/sjhuang/Documents/docs/dataset/crawlers/zxgk.court.gov.cn/zxgk.court.gov.cn_87_1636446132.1068852.png,zxgk,gnzw
/Users/sjhuang/Documents/docs/dataset/crawlers/zxgk.court.gov.cn/zxgk.court.gov.cn_56_1636446122.2748601.png,zxgk,dbxd
/Users/sjhuang/Documents/docs/dataset/crawlers/zxgk.court.gov.cn/zxgk.court.gov.cn_4_1636446113.312482.png,zxgk,htmi
/Users/sjhuang/Documents/docs/dataset/crawlers/zxgk.court.gov.cn/zxgk.court.gov.cn_166_1636446152.267066.png,zxgk,qjgb
/Users/sjhuang/Documents/docs/dataset/crawlers/zxgk.court.gov.cn/zxgk.court.gov.cn_190_1636446157.361602.png,zxgk,v4cx
/Users/sjhuang/Documents/docs/dataset/crawlers/zxgk.court.gov.cn/zxgk.court.gov.cn_131_1636446141.788449.png,zxgk,kzeg
/Users/sjhuang/Documents/docs/dataset/crawlers/zxgk.court.gov.cn/zxgk.court.gov.cn_83_1636446131.274414.png,zxgk,kuyn
/Users/sjhuang/Documents/docs/dataset/crawlers/zxgk.court.gov.cn/zxgk.court.gov.cn_63_1636446126.589812.png,zxgk,rndg
/Users/sjhuang/Documents/docs/dataset/crawlers/zxgk.court.gov.cn/zxgk.court.gov.cn_24_1636446116.767471.png,zxgk,rmk5
/Users/sjhuang/Documents/docs/dataset/crawlers/zxgk.court.gov.cn/zxgk.court.gov.cn_23_1636446116.62064.png,zxgk,lvtw
/Users/sjhuang/Documents/docs/dataset/crawlers/zxgk.court.gov.cn/zxgk.court.gov.cn_108_1636446136.7011158.png,zxgk,crqw
/Users/sjhuang/Documents/docs/dataset/crawlers/zxgk.court.gov.cn/zxgk.court.gov.cn_36_1636446118.8518589.png,zxgk,q2tp
/Users/sjhuang/Documents/docs/dataset/crawlers/zxgk.court.gov.cn/zxgk.court.gov.cn_103_1636446135.561045.png,zxgk,hqxc
/Users/sjhuang/Documents/docs/dataset/crawlers/zxgk.court.gov.cn/zxgk.court.gov.cn_13_1636446114.932564.png,zxgk,qqth
/Users/sjhuang/Documents/docs/dataset/crawlers/zxgk.court.gov.cn/zxgk.court.gov.cn_109_1636446136.88347.png,zxgk,gmlz
/Users/sjhuang/Documents/docs/dataset/crawlers/zxgk.court.gov.cn/zxgk.court.gov.cn_85_1636446131.7017012.png,zxgk,43av
/Users/sjhuang/Documents/docs/dataset/crawlers/zxgk.court.gov.cn/zxgk.court.gov.cn_5_1636446113.511057.png,zxgk,begw
/Users/sjhuang/Documents/docs/dataset/crawlers/zxgk.court.gov.cn/zxgk.court.gov.cn_41_1636446119.684282.png,zxgk,t5xx
/Users/sjhuang/Documents/docs/dataset/crawlers/zxgk.court.gov.cn/zxgk.court.gov.cn_70_1636446128.087602.png,zxgk,g3k4
/Users/sjhuang/Documents/docs/dataset/crawlers/zxgk.court.gov.cn/zxgk.court.gov.cn_50_1636446121.238914.png,zxgk,vkux
/Users/sjhuang/Documents/docs/dataset/crawlers/zxgk.court.gov.cn/zxgk.court.gov.cn_55_1636446122.0977962.png,zxgk,6umh
/Users/sjhuang/Documents/docs/dataset/crawlers/zxgk.court.gov.cn/zxgk.court.gov.cn_199_1636446159.321582.png,zxgk,mksb
/Users/sjhuang/Documents/docs/dataset/crawlers/zxgk.court.gov.cn/zxgk.court.gov.cn_197_1636446158.816494.png,zxgk,wnib
/Users/sjhuang/Documents/docs/dataset/crawlers/zxgk.court.gov.cn/zxgk.court.gov.cn_114_1636446138.036793.png,zxgk,ysts
/Users/sjhuang/Documents/docs/dataset/crawlers/zxgk.court.gov.cn/zxgk.court.gov.cn_145_1636446144.751504.png,zxgk,7vhf
/Users/sjhuang/Documents/docs/dataset/crawlers/zxgk.court.gov.cn/zxgk.court.gov.cn_164_1636446151.857336.png,zxgk,h9pw
/Users/sjhuang/Documents/docs/dataset/crawlers/zxgk.court.gov.cn/zxgk.court.gov.cn_147_1636446145.1790988.png,zxgk,eifi
/Users/sjhuang/Documents/docs/dataset/crawlers/zxgk.court.gov.cn/zxgk.court.gov.cn_49_1636446121.0678809.png,zxgk,r7wr
/Users/sjhuang/Documents/docs/dataset/crawlers/zxgk.court.gov.cn/zxgk.court.gov.cn_80_1636446130.567872.png,zxgk,txiq
/Users/sjhuang/Documents/docs/dataset/crawlers/zxgk.court.gov.cn/zxgk.court.gov.cn_167_1636446152.472947.png,zxgk,ecvc
/Users/sjhuang/Documents/docs/dataset/crawlers/zxgk.court.gov.cn/zxgk.court.gov.cn_149_1636446145.642238.png,zxgk,tpw6
/Users/sjhuang/Documents/docs/dataset/crawlers/zxgk.court.gov.cn/zxgk.court.gov.cn_58_1636446122.596064.png,zxgk,rsa4
/Users/sjhuang/Documents/docs/dataset/crawlers/zxgk.court.gov.cn/zxgk.court.gov.cn_185_1636446156.339234.png,zxgk,xuma
/Users/sjhuang/Documents/docs/dataset/crawlers/zxgk.court.gov.cn/zxgk.court.gov.cn_33_1636446118.300928.png,zxgk,suqi
/Users/sjhuang/Documents/docs/dataset/crawlers/zxgk.court.gov.cn/zxgk.court.gov.cn_110_1636446137.109775.png,zxgk,zmuv
/Users/sjhuang/Documents/docs/dataset/crawlers/zxgk.court.gov.cn/zxgk.court.gov.cn_71_1636446128.3001962.png,zxgk,tync
/Users/sjhuang/Documents/docs/dataset/crawlers/zxgk.court.gov.cn/zxgk.court.gov.cn_194_1636446158.15918.png,zxgk,tyvu
/Users/sjhuang/Documents/docs/dataset/crawlers/zxgk.court.gov.cn/zxgk.court.gov.cn_107_1636446136.495543.png,zxgk,cvxw
/Users/sjhuang/Documents/docs/dataset/crawlers/zxgk.court.gov.cn/zxgk.court.gov.cn_102_1636446135.329037.png,zxgk,8dh8
/Users/sjhuang/Documents/docs/dataset/crawlers/zxgk.court.gov.cn/zxgk.court.gov.cn_62_1636446126.385372.png,zxgk,n9hm
/Users/sjhuang/Documents/docs/dataset/crawlers/zxgk.court.gov.cn/zxgk.court.gov.cn_34_1636446118.46871.png,zxgk,eetw
/Users/sjhuang/Documents/docs/dataset/crawlers/zxgk.court.gov.cn/zxgk.court.gov.cn_31_1636446117.929302.png,zxgk,xbt8
/Users/sjhuang/Documents/docs/dataset/crawlers/zxgk.court.gov.cn/zxgk.court.gov.cn_10_1636446114.345814.png,zxgk,g6hp
/Users/sjhuang/Documents/docs/dataset/crawlers/zxgk.court.gov.cn/zxgk.court.gov.cn_196_1636446158.5874271.png,zxgk,hf7f
/Users/sjhuang/Documents/docs/dataset/crawlers/zxgk.court.gov.cn/zxgk.court.gov.cn_100_1636446134.9333708.png,zxgk,zvvw
/Users/sjhuang/Documents/docs/dataset/crawlers/zxgk.court.gov.cn/zxgk.court.gov.cn_130_1636446141.395425.png,zxgk,a5he
/Users/sjhuang/Documents/docs/dataset/crawlers/zxgk.court.gov.cn/zxgk.court.gov.cn_94_1636446133.63501.png,zxgk,fm93
/Users/sjhuang/Documents/docs/dataset/crawlers/zxgk.court.gov.cn/zxgk.court.gov.cn_86_1636446131.904992.png,zxgk,vucg
/Users/sjhuang/Documents/docs/dataset/crawlers/zxgk.court.gov.cn/zxgk.court.gov.cn_21_1636446116.29409.png,zxgk,2n3y
/Users/sjhuang/Documents/docs/dataset/crawlers/zxgk.court.gov.cn/zxgk.court.gov.cn_14_1636446115.09191.png,zxgk,tllm
/Users/sjhuang/Documents/docs/dataset/crawlers/zxgk.court.gov.cn/zxgk.court.gov.cn_198_1636446159.037888.png,zxgk,549q
/Users/sjhuang/Documents/docs/dataset/crawlers/zxgk.court.gov.cn/zxgk.court.gov.cn_45_1636446120.393945.png,zxgk,kfn2
/Users/sjhuang/Documents/docs/dataset/crawlers/zxgk.court.gov.cn/zxgk.court.gov.cn_19_1636446115.928395.png,zxgk,fstk
/Users/sjhuang/Documents/docs/dataset/crawlers/zxgk.court.gov.cn/zxgk.court.gov.cn_112_1636446137.576545.png,zxgk,66vu
/Users/sjhuang/Documents/docs/dataset/crawlers/zxgk.court.gov.cn/zxgk.court.gov.cn_193_1636446157.973239.png,zxgk,weip
/Users/sjhuang/Documents/docs/dataset/crawlers/zxgk.court.gov.cn/zxgk.court.gov.cn_46_1636446120.571736.png,zxgk,khn5
/Users/sjhuang/Documents/docs/dataset/crawlers/zxgk.court.gov.cn/zxgk.court.gov.cn_1_1636446112.8111.png,zxgk,rxqc
/Users/sjhuang/Documents/docs/dataset/crawlers/zxgk.court.gov.cn/zxgk.court.gov.cn_54_1636446121.907812.png,zxgk,36hn
/Users/sjhuang/Documents/docs/dataset/crawlers/zxgk.court.gov.cn/zxgk.court.gov.cn_137_1636446143.131969.png,zxgk,nqch
/Users/sjhuang/Documents/docs/dataset/crawlers/zxgk.court.gov.cn/zxgk.court.gov.cn_141_1636446143.955029.png,zxgk,trpz
/Users/sjhuang/Documents/docs/dataset/crawlers/zxgk.court.gov.cn/zxgk.court.gov.cn_129_1636446141.203309.png,zxgk,nmhp
/Users/sjhuang/Documents/docs/dataset/crawlers/zxgk.court.gov.cn/zxgk.court.gov.cn_183_1636446155.898317.png,zxgk,ccdh
/Users/sjhuang/Documents/docs/dataset/crawlers/zxgk.court.gov.cn/zxgk.court.gov.cn_17_1636446115.57761.png,zxgk,bc79
/Users/sjhuang/Documents/docs/dataset/crawlers/zxgk.court.gov.cn/zxgk.court.gov.cn_187_1636446156.763049.png,zxgk,2ncq
/Users/sjhuang/Documents/docs/dataset/crawlers/zxgk.court.gov.cn/zxgk.court.gov.cn_64_1636446126.8016782.png,zxgk,gh7w
/Users/sjhuang/Documents/docs/dataset/crawlers/zxgk.court.gov.cn/zxgk.court.gov.cn_171_1636446153.284632.png,zxgk,u8qc
/Users/sjhuang/Documents/docs/dataset/crawlers/zxgk.court.gov.cn/zxgk.court.gov.cn_11_1636446114.581841.png,zxgk,ghpw
/Users/sjhuang/Documents/docs/dataset/crawlers/zxgk.court.gov.cn/zxgk.court.gov.cn_174_1636446153.927757.png,zxgk,zqne
/Users/sjhuang/Documents/docs/dataset/crawlers/zxgk.court.gov.cn/zxgk.court.gov.cn_159_1636446150.82062.png,zxgk,qacq
/Users/sjhuang/Documents/docs/dataset/crawlers/zxgk.court.gov.cn/zxgk.court.gov.cn_67_1636446127.429645.png,zxgk,uwpg
/Users/sjhuang/Documents/docs/dataset/crawlers/zxgk.court.gov.cn/zxgk.court.gov.cn_134_1636446142.433967.png,zxgk,a2e6
/Users/sjhuang/Documents/docs/dataset/crawlers/zxgk.court.gov.cn/zxgk.court.gov.cn_51_1636446121.4049401.png,zxgk,sdlc
/Users/sjhuang/Documents/docs/dataset/crawlers/zxgk.court.gov.cn/zxgk.court.gov.cn_0_1636446112.658907.png,zxgk,gvha
/Users/sjhuang/Documents/docs/dataset/crawlers/zxgk.court.gov.cn/zxgk.court.gov.cn_97_1636446134.3067148.png,zxgk,5ph3
/Users/sjhuang/Documents/docs/dataset/crawlers/zxgk.court.gov.cn/zxgk.court.gov.cn_40_1636446119.512762.png,zxgk,4fnp
/Users/sjhuang/Documents/docs/dataset/crawlers/zxgk.court.gov.cn/zxgk.court.gov.cn_20_1636446116.110181.png,zxgk,xrkv
/Users/sjhuang/Documents/docs/dataset/crawlers/zxgk.court.gov.cn/zxgk.court.gov.cn_29_1636446117.590606.png,zxgk,sb4g
/Users/sjhuang/Documents/docs/dataset/crawlers/zxgk.court.gov.cn/zxgk.court.gov.cn_68_1636446127.655515.png,zxgk,zg9l
/Users/sjhuang/Documents/docs/dataset/crawlers/zxgk.court.gov.cn/zxgk.court.gov.cn_157_1636446150.411118.png,zxgk,5pq4
/Users/sjhuang/Documents/docs/dataset/crawlers/zxgk.court.gov.cn/zxgk.court.gov.cn_95_1636446133.869128.png,zxgk,vqpy
/Users/sjhuang/Documents/docs/dataset/crawlers/zxgk.court.gov.cn/zxgk.court.gov.cn_28_1636446117.4299679.png,zxgk,usni
/Users/sjhuang/Documents/docs/dataset/crawlers/zxgk.court.gov.cn/zxgk.court.gov.cn_136_1636446142.870191.png,zxgk,yevs
/Users/sjhuang/Documents/docs/dataset/crawlers/zxgk.court.gov.cn/zxgk.court.gov.cn_186_1636446156.5707798.png,zxgk,fgxk
/Users/sjhuang/Documents/docs/dataset/crawlers/zxgk.court.gov.cn/zxgk.court.gov.cn_156_1636446150.1687438.png,zxgk,ewdy
/Users/sjhuang/Documents/docs/dataset/crawlers/zxgk.court.gov.cn/zxgk.court.gov.cn_53_1636446121.750976.png,zxgk,6ycv
/Users/sjhuang/Documents/docs/dataset/crawlers/zxgk.court.gov.cn/zxgk.court.gov.cn_81_1636446130.833428.png,zxgk,l0fd
/Users/sjhuang/Documents/docs/dataset/crawlers/zxgk.court.gov.cn/zxgk.court.gov.cn_178_1636446154.771137.png,zxgk,bbg5
/Users/sjhuang/Documents/docs/dataset/crawlers/zxgk.court.gov.cn/zxgk.court.gov.cn_91_1636446132.9812522.png,zxgk,vkan
/Users/sjhuang/Documents/docs/dataset/crawlers/zxgk.court.gov.cn/zxgk.court.gov.cn_150_1636446145.885369.png,zxgk,weps
/Users/sjhuang/Documents/docs/dataset/crawlers/zxgk.court.gov.cn/zxgk.court.gov.cn_189_1636446157.146539.png,zxgk,bwgg
/Users/sjhuang/Documents/docs/dataset/crawlers/zxgk.court.gov.cn/zxgk.court.gov.cn_151_1636446149.124491.png,zxgk,vpkz
/Users/sjhuang/Documents/docs/dataset/crawlers/zxgk.court.gov.cn/zxgk.court.gov.cn_48_1636446120.899919.png,zxgk,xw2t
/Users/sjhuang/Documents/docs/dataset/crawlers/zxgk.court.gov.cn/zxgk.court.gov.cn_44_1636446120.1932511.png,zxgk,x3zu
/Users/sjhuang/Documents/docs/dataset/crawlers/zxgk.court.gov.cn/zxgk.court.gov.cn_122_1636446139.750658.png,zxgk,qlme
/Users/sjhuang/Documents/docs/dataset/crawlers/zxgk.court.gov.cn/zxgk.court.gov.cn_26_1636446117.127485.png,zxgk,hkhi
/Users/sjhuang/Documents/docs/dataset/crawlers/zxgk.court.gov.cn/zxgk.court.gov.cn_3_1636446113.163714.png,zxgk,6clp
/Users/sjhuang/Documents/docs/dataset/crawlers/zxgk.court.gov.cn/zxgk.court.gov.cn_175_1636446154.1405592.png,zxgk,b9zq
/Users/sjhuang/Documents/docs/dataset/crawlers/zxgk.court.gov.cn/zxgk.court.gov.cn_47_1636446120.724331.png,zxgk,av3x
/Users/sjhuang/Documents/docs/dataset/crawlers/zxgk.court.gov.cn/zxgk.court.gov.cn_144_1636446144.5647411.png,zxgk,hhzl
/Users/sjhuang/Documents/docs/dataset/crawlers/zxgk.court.gov.cn/zxgk.court.gov.cn_72_1636446128.522795.png,zxgk,9hw7
/Users/sjhuang/Documents/docs/dataset/crawlers/zxgk.court.gov.cn/zxgk.court.gov.cn_43_1636446120.0131462.png,zxgk,nyue
/Users/sjhuang/Documents/docs/dataset/crawlers/zxgk.court.gov.cn/zxgk.court.gov.cn_76_1636446129.372054.png,zxgk,qcge
/Users/sjhuang/Documents/docs/dataset/crawlers/zxgk.court.gov.cn/zxgk.court.gov.cn_69_1636446127.873448.png,zxgk,zbqi
/Users/sjhuang/Documents/docs/dataset/crawlers/zxgk.court.gov.cn/zxgk.court.gov.cn_121_1636446139.5676281.png,zxgk,wqzb
/Users/sjhuang/Documents/docs/dataset/crawlers/zxgk.court.gov.cn/zxgk.court.gov.cn_38_1636446119.197071.png,zxgk,iyty
/Users/sjhuang/Documents/docs/dataset/crawlers/zxgk.court.gov.cn/zxgk.court.gov.cn_78_1636446129.767966.png,zxgk,7rul
/Users/sjhuang/Documents/docs/dataset/crawlers/zxgk.court.gov.cn/zxgk.court.gov.cn_163_1636446151.6393201.png,zxgk,nb98
/Users/sjhuang/Documents/docs/dataset/crawlers/zxgk.court.gov.cn/zxgk.court.gov.cn_177_1636446154.577621.png,zxgk,j6t2
/Users/sjhuang/Documents/docs/dataset/crawlers/zxgk.court.gov.cn/zxgk.court.gov.cn_152_1636446149.344075.png,zxgk,mxpr
/Users/sjhuang/Documents/docs/dataset/crawlers/zxgk.court.gov.cn/zxgk.court.gov.cn_79_1636446129.991115.png,zxgk,fxp7
/Users/sjhuang/Documents/docs/dataset/crawlers/zxgk.court.gov.cn/zxgk.court.gov.cn_89_1636446132.52689.png,zxgk,uzkc
/Users/sjhuang/Documents/docs/dataset/crawlers/zxgk.court.gov.cn/zxgk.court.gov.cn_115_1636446138.2453601.png,zxgk,xkkq
/Users/sjhuang/Documents/docs/dataset/crawlers/zxgk.court.gov.cn/zxgk.court.gov.cn_179_1636446155.0303612.png,zxgk,xrgh
/Users/sjhuang/Documents/docs/dataset/crawlers/zxgk.court.gov.cn/zxgk.court.gov.cn_57_1636446122.442086.png,zxgk,gpmq
/Users/sjhuang/Documents/docs/dataset/crawlers/zxgk.court.gov.cn/zxgk.court.gov.cn_116_1636446138.444161.png,zxgk,vgbw
/Users/sjhuang/Documents/docs/dataset/crawlers/zxgk.court.gov.cn/zxgk.court.gov.cn_15_1636446115.264226.png,zxgk,emfa
/Users/sjhuang/Documents/docs/dataset/crawlers/zxgk.court.gov.cn/zxgk.court.gov.cn_88_1636446132.324918.png,zxgk,errn
/Users/sjhuang/Documents/docs/dataset/crawlers/zxgk.court.gov.cn/zxgk.court.gov.cn_140_1636446143.758914.png,zxgk,hcu
/Users/sjhuang/Documents/docs/dataset/crawlers/zxgk.court.gov.cn/zxgk.court.gov.cn_139_1636446143.5582259.png,zxgk,adhw
/Users/sjhuang/Documents/docs/dataset/crawlers/zxgk.court.gov.cn/zxgk.court.gov.cn_101_1636446135.122904.png,zxgk,w6ut
/Users/sjhuang/Documents/docs/dataset/crawlers/zxgk.court.gov.cn/zxgk.court.gov.cn_37_1636446119.017118.png,zxgk,tpwi
/Users/sjhuang/Documents/docs/dataset/crawlers/zxgk.court.gov.cn/zxgk.court.gov.cn_113_1636446137.826305.png,zxgk,kbum
/Users/sjhuang/Documents/docs/dataset/crawlers/zxgk.court.gov.cn/zxgk.court.gov.cn_9_1636446114.195679.png,zxgk,jwk4
/Users/sjhuang/Documents/docs/dataset/crawlers/zxgk.court.gov.cn/zxgk.court.gov.cn_153_1636446149.551063.png,zxgk,z2e6
/Users/sjhuang/Documents/docs/dataset/crawlers/zxgk.court.gov.cn/zxgk.court.gov.cn_132_1636446141.97601.png,zxgk,wgdr
/Users/sjhuang/Documents/docs/dataset/crawlers/zxgk.court.gov.cn/zxgk.court.gov.cn_165_1636446152.063381.png,zxgk,wndl
/Users/sjhuang/Documents/docs/dataset/crawlers/zxgk.court.gov.cn/zxgk.court.gov.cn_162_1636446151.427091.png,zxgk,ymcs
/Users/sjhuang/Documents/docs/dataset/crawlers/zxgk.court.gov.cn/zxgk.court.gov.cn_192_1636446157.759614.png,zxgk,5t4f
/Users/sjhuang/Documents/docs/dataset/crawlers/zxgk.court.gov.cn/zxgk.court.gov.cn_172_1636446153.508936.png,zxgk,m5ch
/Users/sjhuang/Documents/docs/dataset/crawlers/zxgk.court.gov.cn/zxgk.court.gov.cn_184_1636446156.133002.png,zxgk,w8yt
/Users/sjhuang/Documents/docs/dataset/crawlers/zxgk.court.gov.cn/zxgk.court.gov.cn_66_1636446127.1703098.png,zxgk,zpss
/Users/sjhuang/Documents/docs/dataset/crawlers/zxgk.court.gov.cn/zxgk.court.gov.cn_173_1636446153.71779.png,zxgk,ma7k
/Users/sjhuang/Documents/docs/dataset/crawlers/zxgk.court.gov.cn/zxgk.court.gov.cn_60_1636446126.005404.png,zxgk,waah
/Users/sjhuang/Documents/docs/dataset/crawlers/zxgk.court.gov.cn/zxgk.court.gov.cn_22_1636446116.449312.png,zxgk,wym6
/Users/sjhuang/Documents/docs/dataset/crawlers/zxgk.court.gov.cn/zxgk.court.gov.cn_93_1636446133.401618.png,zxgk,ugh3
/Users/sjhuang/Documents/docs/dataset/crawlers/zxgk.court.gov.cn/zxgk.court.gov.cn_39_1636446119.369379.png,zxgk,ggsy
/Users/sjhuang/Documents/docs/dataset/crawlers/zxgk.court.gov.cn/zxgk.court.gov.cn_105_1636446135.9767108.png,zxgk,eapr
/Users/sjhuang/Documents/docs/dataset/crawlers/zxgk.court.gov.cn/zxgk.court.gov.cn_125_1636446140.335994.png,zxgk,2fn7
/Users/sjhuang/Documents/docs/dataset/crawlers/zxgk.court.gov.cn/zxgk.court.gov.cn_99_1636446134.7324831.png,zxgk,qzaw
/Users/sjhuang/Documents/docs/dataset/crawlers/zxgk.court.gov.cn/zxgk.court.gov.cn_75_1636446129.172124.png,zxgk,npnh
/Users/sjhuang/Documents/docs/dataset/crawlers/zxgk.court.gov.cn/zxgk.court.gov.cn_73_1636446128.711605.png,zxgk,asbr
/Users/sjhuang/Documents/docs/dataset/crawlers/zxgk.court.gov.cn/zxgk.court.gov.cn_74_1636446128.936875.png,zxgk,bmnw
/Users/sjhuang/Documents/docs/dataset/crawlers/zxgk.court.gov.cn/zxgk.court.gov.cn_181_1636446155.45296.png,zxgk,9cpq
/Users/sjhuang/Documents/docs/dataset/crawlers/zxgk.court.gov.cn/zxgk.court.gov.cn_126_1636446140.5563142.png,zxgk,zudv
/Users/sjhuang/Documents/docs/dataset/crawlers/zxgk.court.gov.cn/zxgk.court.gov.cn_146_1636446144.950638.png,zxgk,wpy5
/Users/sjhuang/Documents/docs/dataset/crawlers/zxgk.court.gov.cn/zxgk.court.gov.cn_180_1636446155.236795.png,zxgk,ycrv
/Users/sjhuang/Documents/docs/dataset/crawlers/zxgk.court.gov.cn/zxgk.court.gov.cn_84_1636446131.475224.png,zxgk,3gq8
/Users/sjhuang/Documents/docs/dataset/crawlers/zxgk.court.gov.cn/zxgk.court.gov.cn_142_1636446144.150634.png,zxgk,scvh
